{
    "log": {
        "auto_flush": true, 
        "file": "/tmp/ball_tracking_3d.log", 
        "severity": "info"
    }, 
    "num_cams": 4, 
    "obs2d": [
        "tcp://localhost:7650"
    ], 
    "publisher": "tcp://*:7660", 
    "stereo": {
        "calib": [
            {
                "ID": 0, 
                "val": [
                    [
                        1.29442435, 
                        -0.187561739, 
                        -0.0284237775, 
                        1.10829462
                    ], 
                    [
                        -0.0135507998, 
                        -0.381166427, 
                        -1.23678118, 
                        -0.334179103
                    ], 
                    [
                        0.000350769896, 
                        0.000838973639, 
                        -0.00078458369, 
                        0.00543890602
                    ]
                ]
            }, 
            {
                "ID": 1, 
                "val": [
                    [
                        -1.05756315, 
                        -0.529709868, 
                        0.321200783, 
                        -1.67381292
                    ], 
                    [
                        -0.0545044416, 
                        0.403423458, 
                        1.23413489, 
                        0.265128393
                    ], 
                    [
                        0.000446121653, 
                        -0.000612743204, 
                        0.00093167044, 
                        -0.00514785841
                    ]
                ]
            }, 
            {
                "ID": 2, 
                "val": [
                    [
                        -672.4053385267223, 
                        73.58697538460653, 
                        -37.63625936564687, 
                        958.5122747193617
                    ], 
                    [
                        22.205207049894256, 
                        162.9473860256024, 
                        -625.7089115638727, 
                        763.902768382383
                    ], 
                    [
                        -0.1758822891386771, 
                        -0.45734560727562723, 
                        -0.2015381224876447, 
                        1.0
                    ]
                ]
            }, 
            {
                "ID": 3, 
                "val": [
                    [
                        -577.6856684312712, 
                        -319.50207449803884, 
                        -124.61488388515929, 
                        -448.94922582548367
                    ], 
                    [
                        -15.13737953904726, 
                        170.0032324837003, 
                        -640.0694357571073, 
                        816.0838281967349
                    ], 
                    [
                        0.20020810872220807, 
                        -0.48099726882446703, 
                        -0.23907829337630204, 
                        1.0
                    ]
                ]
            }
        ], 
        "max_pix_err": 5.0
    }
}