{
  "publisher": "tcp://*:7660",
  "obs2d": ["tcp://localhost:7650"],
  "num_cams": 4,
  "stereo": {
    "calib": [{"ID": 0, "val": [[220.55383717972265, -42.5160365906534, 14.799279233141661, 177.77216534033676], [-2.5574471493414546, -74.70193905280979, -196.96806223826988, -90.43957736616933], [0.06420229248222498, 0.09713591569050095, -0.0661225503049998, 1.0]]}, {"ID": 1, "val": [[185.9527927195801, 104.31377417734866, -36.039576985771944, 453.6406052699411], [24.663346605612176, -74.13180514564338, -205.03042170527905, -90.41036920700914], [-0.0659802601697379, 0.0991463502485459, -0.12654616249959716, 1.0]]}, {"ID": 2, "val": [[-672.4053385267223, 73.58697538460653, -37.63625936564687, 958.5122747193617], [22.205207049894256, 162.9473860256024, -625.7089115638727, 763.902768382383], [-0.1758822891386771, -0.45734560727562723, -0.2015381224876447, 1.0]]}, {"ID": 3, "val": [[-577.6856684312712, -319.50207449803884, -124.61488388515929, -448.94922582548367], [-15.13737953904726, 170.0032324837003, -640.0694357571073, 816.0838281967349], [0.20020810872220807, -0.48099726882446703, -0.23907829337630204, 1.0]]}],
    "max_pix_err": 5.0
  },
  "log": {
    "auto_flush": true,
    "file": "/tmp/ball_tracking_3d.log",
    "severity": "info"
  }
}
